Workbook
Name Escala: Fuente!$B$2:$B$5
Name Valor_max: Fuente!$D$2:$D$5
Name Valor_min: Fuente!$C$2:$C$5

Sheet 1_Datos
A1: Matriz de Análisis de Riesgo | F1: Probabilidad de Amenaza [1 = Insignificante, 2 = Baja, 3= Mediana, 4 = Alta]
A2: Datos e Información | B2: Clasificación | E2: Magnitud de Daño: [1 = Insignificante 2 = Bajo 3 = Mediano 4 = Alto] | F2: Actos originados por la criminalidad común y motivación política | S2: Sucesos de origen físico | AB2: Sucesos derivados de la impericia, negligencia de usuarios/as y decisiones institucionales
B3: Confidencial, Privado, Sensitivo | C3: Obligación por ley / Contrato / Convenio | D3: Costo de recuperación (tiempo, económico, material, imagen, emocional) | F3: Allanamiento (ilegal, legal) | G3: Persecución (civil, fiscal, penal) | H3: Orden de secuestro / Detención | I3: Sabotaje (ataque físico y electrónico) | J3: Daños por vandalismo | K3: Extorsión | L3: Fraude / Estafa | M3: Robo / Hurto (físico) | N3: Robo / Hurto de información electrónica | O3: Intrusión a Red interna | P3: Infiltración | Q3: Virus / Ejecución no autorizado de programas | R3: Violación a derechos de autor | S3: Incendio | T3: Inundación / deslave | U3: Sismo | V3: Polvo | W3: Falta de ventilación | X3: Electromagnetismo | Y3: Sobrecarga eléctrica | Z3: Falla de corriente (apagones) | AA3: Falla de sistema / Daño disco duro | AB3: Falta de inducción, capacitación y sensibilización sobre riesgos | AC3: Mal manejo de sistemas y herramientas | AD3: Utilización de programas no autorizados / software 'pirateado' | AE3: Falta de pruebas de software nuevo con datos productivos | AF3: Perdida de datos | AG3: Infección de sistemas a través de unidades portables sin escaneo | AH3: Manejo inadecuado de datos críticos (codificar, borrar, etc.) | AI3: Unidades portables con información sin cifrado | AJ3: Transmisión no cifrada de datos críticos | AK3: Manejo inadecuado de contraseñas (inseguras, no cambiar, compartidas, BD centralizada) | AL3: Compartir contraseñas o permisos a terceros no autorizados | AM3: Transmisión de contraseñas por teléfono | AN3: Exposición o extravío de equipo, unidades de almacenamiento, etc | AO3: Sobrepasar autoridades | AP3: Falta de definición de perfil, privilegios y restricciones del personal | AQ3: Falta de mantenimiento físico (proceso, repuestos e insumos) | AR3: Falta de actualización de software (proceso y recursos) | AS3: Fallas en permisos de usuarios (acceso a archivos) | AT3: Acceso electrónico no autorizado a sistemas externos | AU3: Acceso electrónico no autorizado a sistemas internos | AV3: Red cableada expuesta para el acceso no autorizado | AW3: Red inalámbrica expuesta al acceso no autorizado | AX3: Dependencia a servicio técnico externo | AY3: Falta de normas y reglas claras (no institucionalizar el estudio de los riesgos) | AZ3: Falta de mecanismos de verificación de normas y reglas / Análisis inadecuado de datos de control | BA3: Ausencia de documentación
F4: 3 | G4: 1 | H4: 2 | I4: 4 | J4: 4 | K4: 4 | L4: 1 | M4: 4 | N4: 2 | O4: 3 | P4: 3 | Q4: 2 | R4: 3 | S4: 2 | T4: 2 | U4: 3 | V4: 1 | W4: 1 | X4: 2 | Y4: 2 | Z4: 2 | AA4: 2 | AB4: 2 | AC4: 2 | AD4: 2 | AE4: 2 | AF4: 2 | AG4: 2 | AH4: 3 | AI4: 2 | AJ4: 2 | AK4: 2 | AL4: 3 | AM4: 2 | AN4: 3 | AO4: 3 | AP4: 2 | AQ4: 3 | AR4: 2 | AS4: 2 | AT4: 2 | AU4: 2 | AV4: 2 | AW4: 2 | AX4: 3 | AY4: 2 | AZ4: 2 | BA4: 2
A5: Documentos institucionales (Proyectos, Planes, Evaluaciones, Informes, etc.) | E5: 4 | F5: =IF(OR($E5="",F$4=""),"",F$4*$E5) -> 12 | G5: =IF(OR($E5="",G$4=""),"",G$4*$E5) -> 4 | H5: =IF(OR($E5="",H$4=""),"",H$4*$E5) -> 8 | I5: =IF(OR($E5="",I$4=""),"",I$4*$E5) -> 16 | J5: =IF(OR($E5="",J$4=""),"",J$4*$E5) -> 16 | K5: =IF(OR($E5="",K$4=""),"",K$4*$E5) -> 16 | L5: =IF(OR($E5="",L$4=""),"",L$4*$E5) -> 4 | M5: =IF(OR($E5="",M$4=""),"",M$4*$E5) -> 16 | ... BA5: =IF(OR($E5="",BA$4=""),"",BA$4*$E5) -> 8
A6: Finanzas | E6: 4 | F6: =IF(OR($E6="",F$4=""),"",F$4*$E6) -> 12 | G6: =IF(OR($E6="",G$4=""),"",G$4*$E6) -> 4 | H6: =IF(OR($E6="",H$4=""),"",H$4*$E6) -> 8 | I6: =IF(OR($E6="",I$4=""),"",I$4*$E6) -> 16 | J6: =IF(OR($E6="",J$4=""),"",J$4*$E6) -> 16 | K6: =IF(OR($E6="",K$4=""),"",K$4*$E6) -> 16 | L6: =IF(OR($E6="",L$4=""),"",L$4*$E6) -> 4 | M6: =IF(OR($E6="",M$4=""),"",M$4*$E6) -> 16 | ... BA6: =IF(OR($E6="",BA$4=""),"",BA$4*$E6) -> 8
A7: Servicios bancarios | E7: 3 | F7: =IF(OR($E7="",F$4=""),"",F$4*$E7) -> 9 | G7: =IF(OR($E7="",G$4=""),"",G$4*$E7) -> 3 | H7: =IF(OR($E7="",H$4=""),"",H$4*$E7) -> 6 | I7: =IF(OR($E7="",I$4=""),"",I$4*$E7) -> 12 | J7: =IF(OR($E7="",J$4=""),"",J$4*$E7) -> 12 | K7: =IF(OR($E7="",K$4=""),"",K$4*$E7) -> 12 | L7: =IF(OR($E7="",L$4=""),"",L$4*$E7) -> 3 | M7: =IF(OR($E7="",M$4=""),"",M$4*$E7) -> 12 | ... BA7: =IF(OR($E7="",BA$4=""),"",BA$4*$E7) -> 6
A8: RR.HH | E8: 1 | F8: =IF(OR($E8="",F$4=""),"",F$4*$E8) -> 3 | G8: =IF(OR($E8="",G$4=""),"",G$4*$E8) -> 1 | H8: =IF(OR($E8="",H$4=""),"",H$4*$E8) -> 2 | I8: =IF(OR($E8="",I$4=""),"",I$4*$E8) -> 4 | J8: =IF(OR($E8="",J$4=""),"",J$4*$E8) -> 4 | K8: =IF(OR($E8="",K$4=""),"",K$4*$E8) -> 4 | L8: =IF(OR($E8="",L$4=""),"",L$4*$E8) -> 1 | M8: =IF(OR($E8="",M$4=""),"",M$4*$E8) -> 4 | ... BA8: =IF(OR($E8="",BA$4=""),"",BA$4*$E8) -> 2
A9: Directorio de Contactos | E9: 2 | F9: =IF(OR($E9="",F$4=""),"",F$4*$E9) -> 6 | G9: =IF(OR($E9="",G$4=""),"",G$4*$E9) -> 2 | H9: =IF(OR($E9="",H$4=""),"",H$4*$E9) -> 4 | I9: =IF(OR($E9="",I$4=""),"",I$4*$E9) -> 8 | J9: =IF(OR($E9="",J$4=""),"",J$4*$E9) -> 8 | K9: =IF(OR($E9="",K$4=""),"",K$4*$E9) -> 8 | L9: =IF(OR($E9="",L$4=""),"",L$4*$E9) -> 2 | M9: =IF(OR($E9="",M$4=""),"",M$4*$E9) -> 8 | ... BA9: =IF(OR($E9="",BA$4=""),"",BA$4*$E9) -> 4
A10: Productos institucionales (Investigaciones, Folletos, Fotos, etc.) | E10: 1 | F10: =IF(OR($E10="",F$4=""),"",F$4*$E10) -> 3 | G10: =IF(OR($E10="",G$4=""),"",G$4*$E10) -> 1 | H10: =IF(OR($E10="",H$4=""),"",H$4*$E10) -> 2 | I10: =IF(OR($E10="",I$4=""),"",I$4*$E10) -> 4 | J10: =IF(OR($E10="",J$4=""),"",J$4*$E10) -> 4 | K10: =IF(OR($E10="",K$4=""),"",K$4*$E10) -> 4 | L10: =IF(OR($E10="",L$4=""),"",L$4*$E10) -> 1 | M10: =IF(OR($E10="",M$4=""),"",M$4*$E10) -> 4 | ... BA10: =IF(OR($E10="",BA$4=""),"",BA$4*$E10) -> 2
A11: Correo electrónico | E11: 2 | F11: =IF(OR($E11="",F$4=""),"",F$4*$E11) -> 6 | G11: =IF(OR($E11="",G$4=""),"",G$4*$E11) -> 2 | H11: =IF(OR($E11="",H$4=""),"",H$4*$E11) -> 4 | I11: =IF(OR($E11="",I$4=""),"",I$4*$E11) -> 8 | J11: =IF(OR($E11="",J$4=""),"",J$4*$E11) -> 8 | K11: =IF(OR($E11="",K$4=""),"",K$4*$E11) -> 8 | L11: =IF(OR($E11="",L$4=""),"",L$4*$E11) -> 2 | M11: =IF(OR($E11="",M$4=""),"",M$4*$E11) -> 8 | ... BA11: =IF(OR($E11="",BA$4=""),"",BA$4*$E11) -> 4
A12: Bases de datos internos | E12: 3 | F12: =IF(OR($E12="",F$4=""),"",F$4*$E12) -> 9 | G12: =IF(OR($E12="",G$4=""),"",G$4*$E12) -> 3 | H12: =IF(OR($E12="",H$4=""),"",H$4*$E12) -> 6 | I12: =IF(OR($E12="",I$4=""),"",I$4*$E12) -> 12 | J12: =IF(OR($E12="",J$4=""),"",J$4*$E12) -> 12 | K12: =IF(OR($E12="",K$4=""),"",K$4*$E12) -> 12 | L12: =IF(OR($E12="",L$4=""),"",L$4*$E12) -> 3 | M12: =IF(OR($E12="",M$4=""),"",M$4*$E12) -> 12 | ... BA12: =IF(OR($E12="",BA$4=""),"",BA$4*$E12) -> 6
A13: Bases de datos externos | E13: 4 | F13: =IF(OR($E13="",F$4=""),"",F$4*$E13) -> 12 | G13: =IF(OR($E13="",G$4=""),"",G$4*$E13) -> 4 | H13: =IF(OR($E13="",H$4=""),"",H$4*$E13) -> 8 | I13: =IF(OR($E13="",I$4=""),"",I$4*$E13) -> 16 | J13: =IF(OR($E13="",J$4=""),"",J$4*$E13) -> 16 | K13: =IF(OR($E13="",K$4=""),"",K$4*$E13) -> 16 | L13: =IF(OR($E13="",L$4=""),"",L$4*$E13) -> 4 | M13: =IF(OR($E13="",M$4=""),"",M$4*$E13) -> 16 | ... BA13: =IF(OR($E13="",BA$4=""),"",BA$4*$E13) -> 8
A14: Bases de datos colaborativos | E14: 1 | F14: =IF(OR($E14="",F$4=""),"",F$4*$E14) -> 3 | G14: =IF(OR($E14="",G$4=""),"",G$4*$E14) -> 1 | H14: =IF(OR($E14="",H$4=""),"",H$4*$E14) -> 2 | I14: =IF(OR($E14="",I$4=""),"",I$4*$E14) -> 4 | J14: =IF(OR($E14="",J$4=""),"",J$4*$E14) -> 4 | K14: =IF(OR($E14="",K$4=""),"",K$4*$E14) -> 4 | L14: =IF(OR($E14="",L$4=""),"",L$4*$E14) -> 1 | M14: =IF(OR($E14="",M$4=""),"",M$4*$E14) -> 4 | ... BA14: =IF(OR($E14="",BA$4=""),"",BA$4*$E14) -> 2
A15: Página Web interna (Intranet) | E15: 2 | F15: =IF(OR($E15="",F$4=""),"",F$4*$E15) -> 6 | G15: =IF(OR($E15="",G$4=""),"",G$4*$E15) -> 2 | H15: =IF(OR($E15="",H$4=""),"",H$4*$E15) -> 4 | I15: =IF(OR($E15="",I$4=""),"",I$4*$E15) -> 8 | J15: =IF(OR($E15="",J$4=""),"",J$4*$E15) -> 8 | K15: =IF(OR($E15="",K$4=""),"",K$4*$E15) -> 8 | L15: =IF(OR($E15="",L$4=""),"",L$4*$E15) -> 2 | M15: =IF(OR($E15="",M$4=""),"",M$4*$E15) -> 8 | ... BA15: =IF(OR($E15="",BA$4=""),"",BA$4*$E15) -> 4
A16: Página Web externa | E16: 2 | F16: =IF(OR($E16="",F$4=""),"",F$4*$E16) -> 6 | G16: =IF(OR($E16="",G$4=""),"",G$4*$E16) -> 2 | H16: =IF(OR($E16="",H$4=""),"",H$4*$E16) -> 4 | I16: =IF(OR($E16="",I$4=""),"",I$4*$E16) -> 8 | J16: =IF(OR($E16="",J$4=""),"",J$4*$E16) -> 8 | K16: =IF(OR($E16="",K$4=""),"",K$4*$E16) -> 8 | L16: =IF(OR($E16="",L$4=""),"",L$4*$E16) -> 2 | M16: =IF(OR($E16="",M$4=""),"",M$4*$E16) -> 8 | ... BA16: =IF(OR($E16="",BA$4=""),"",BA$4*$E16) -> 4
... A26: Llamadas telefónicas externas | E26: 3 | F26: =IF(OR($E26="",F$4=""),"",F$4*$E26) -> 9 | G26: =IF(OR($E26="",G$4=""),"",G$4*$E26) -> 3 | H26: =IF(OR($E26="",H$4=""),"",H$4*$E26) -> 6 | I26: =IF(OR($E26="",I$4=""),"",I$4*$E26) -> 12 | J26: =IF(OR($E26="",J$4=""),"",J$4*$E26) -> 12 | K26: =IF(OR($E26="",K$4=""),"",K$4*$E26) -> 12 | L26: =IF(OR($E26="",L$4=""),"",L$4*$E26) -> 3 | M26: =IF(OR($E26="",M$4=""),"",M$4*$E26) -> 12 | ... BA26: =IF(OR($E26="",BA$4=""),"",BA$4*$E26) -> 6

Sheet 2_Sistemas
A1: ='1_Datos'!A1 -> Matriz de Análisis de Riesgo | F1: ='1_Datos'!F1 -> Probabilidad de Amenaza [1 = Insignificante, 2 = Baja, 3= Mediana, 4 = Alta]
A2: Sistemas e Infraestructura | B2: ='1_Datos'!B2 -> Clasificación | E2: ='1_Datos'!E2:E4 -> Magnitud de Daño: [1 = Insignificante 2 = Bajo 3 = Mediano 4 = Alto] | F2: ='1_Datos'!F2 -> Actos originados por la criminalidad común y motivación política | S2: ='1_Datos'!S2 -> Sucesos de origen físico | AB2: ='1_Datos'!AB2 -> Sucesos derivados de la impericia, negligencia de usuarios/as y decisiones institucionales
B3: Acceso exclusivo | C3: Acceso ilimitado | D3: ='1_Datos'!D3 -> Costo de recuperación (tiempo, económico, material, imagen, emocional) | F3: ='1_Datos'!F3 -> Allanamiento (ilegal, legal) | G3: ='1_Datos'!G3 -> Persecución (civil, fiscal, penal) | H3: ='1_Datos'!H3 -> Orden de secuestro / Detención | I3: ='1_Datos'!I3 -> Sabotaje (ataque físico y electrónico) | J3: ='1_Datos'!J3 -> Daños por vandalismo | K3: ='1_Datos'!K3 -> Extorsión | L3: ='1_Datos'!L3 -> Fraude / Estafa | M3: ='1_Datos'!M3 -> Robo / Hurto (físico) | ... BA3: ='1_Datos'!BA3 -> Ausencia de documentación
F4: ='1_Datos'!F4 -> 3 | G4: ='1_Datos'!G4 -> 1 | H4: ='1_Datos'!H4 -> 2 | I4: ='1_Datos'!I4 -> 4 | J4: ='1_Datos'!J4 -> 4 | K4: ='1_Datos'!K4 -> 4 | L4: ='1_Datos'!L4 -> 1 | M4: ='1_Datos'!M4 -> 4 | ... BA4: ='1_Datos'!BA4 -> 2
A5: Equipos de la red cableada (router, switch, etc.) | E5: 3 | F5: =IF(OR($E5="",F$4=""),"",F$4*$E5) -> 9 | G5: =IF(OR($E5="",G$4=""),"",G$4*$E5) -> 3 | H5: =IF(OR($E5="",H$4=""),"",H$4*$E5) -> 6 | I5: =IF(OR($E5="",I$4=""),"",I$4*$E5) -> 12 | J5: =IF(OR($E5="",J$4=""),"",J$4*$E5) -> 12 | K5: =IF(OR($E5="",K$4=""),"",K$4*$E5) -> 12 | L5: =IF(OR($E5="",L$4=""),"",L$4*$E5) -> 3 | M5: =IF(OR($E5="",M$4=""),"",M$4*$E5) -> 12 | ... BA5: =IF(OR($E5="",BA$4=""),"",BA$4*$E5) -> 6
A6: Equipos de la red inalámbrica (router, punto de acceso, etc.) | E6: 2 | F6: =IF(OR($E6="",F$4=""),"",F$4*$E6) -> 6 | G6: =IF(OR($E6="",G$4=""),"",G$4*$E6) -> 2 | H6: =IF(OR($E6="",H$4=""),"",H$4*$E6) -> 4 | I6: =IF(OR($E6="",I$4=""),"",I$4*$E6) -> 8 | J6: =IF(OR($E6="",J$4=""),"",J$4*$E6) -> 8 | K6: =IF(OR($E6="",K$4=""),"",K$4*$E6) -> 8 | L6: =IF(OR($E6="",L$4=""),"",L$4*$E6) -> 2 | M6: =IF(OR($E6="",M$4=""),"",M$4*$E6) -> 8 | ... BA6: =IF(OR($E6="",BA$4=""),"",BA$4*$E6) -> 4
A7: Cortafuego | E7: 2 | F7: =IF(OR($E7="",F$4=""),"",F$4*$E7) -> 6 | G7: =IF(OR($E7="",G$4=""),"",G$4*$E7) -> 2 | H7: =IF(OR($E7="",H$4=""),"",H$4*$E7) -> 4 | I7: =IF(OR($E7="",I$4=""),"",I$4*$E7) -> 8 | J7: =IF(OR($E7="",J$4=""),"",J$4*$E7) -> 8 | K7: =IF(OR($E7="",K$4=""),"",K$4*$E7) -> 8 | L7: =IF(OR($E7="",L$4=""),"",L$4*$E7) -> 2 | M7: =IF(OR($E7="",M$4=""),"",M$4*$E7) -> 8 | ... BA7: =IF(OR($E7="",BA$4=""),"",BA$4*$E7) -> 4
A8: Servidores | E8: 4 | F8: =IF(OR($E8="",F$4=""),"",F$4*$E8) -> 12 | G8: =IF(OR($E8="",G$4=""),"",G$4*$E8) -> 4 | H8: =IF(OR($E8="",H$4=""),"",H$4*$E8) -> 8 | I8: =IF(OR($E8="",I$4=""),"",I$4*$E8) -> 16 | J8: =IF(OR($E8="",J$4=""),"",J$4*$E8) -> 16 | K8: =IF(OR($E8="",K$4=""),"",K$4*$E8) -> 16 | L8: =IF(OR($E8="",L$4=""),"",L$4*$E8) -> 4 | M8: =IF(OR($E8="",M$4=""),"",M$4*$E8) -> 16 | ... BA8: =IF(OR($E8="",BA$4=""),"",BA$4*$E8) -> 8
A9: Computadoras | E9: 3 | F9: =IF(OR($E9="",F$4=""),"",F$4*$E9) -> 9 | G9: =IF(OR($E9="",G$4=""),"",G$4*$E9) -> 3 | H9: =IF(OR($E9="",H$4=""),"",H$4*$E9) -> 6 | I9: =IF(OR($E9="",I$4=""),"",I$4*$E9) -> 12 | J9: =IF(OR($E9="",J$4=""),"",J$4*$E9) -> 12 | K9: =IF(OR($E9="",K$4=""),"",K$4*$E9) -> 12 | L9: =IF(OR($E9="",L$4=""),"",L$4*$E9) -> 3 | M9: =IF(OR($E9="",M$4=""),"",M$4*$E9) -> 12 | ... BA9: =IF(OR($E9="",BA$4=""),"",BA$4*$E9) -> 6
A10: Portátiles | E10: 2 | F10: =IF(OR($E10="",F$4=""),"",F$4*$E10) -> 6 | G10: =IF(OR($E10="",G$4=""),"",G$4*$E10) -> 2 | H10: =IF(OR($E10="",H$4=""),"",H$4*$E10) -> 4 | I10: =IF(OR($E10="",I$4=""),"",I$4*$E10) -> 8 | J10: =IF(OR($E10="",J$4=""),"",J$4*$E10) -> 8 | K10: =IF(OR($E10="",K$4=""),"",K$4*$E10) -> 8 | L10: =IF(OR($E10="",L$4=""),"",L$4*$E10) -> 2 | M10: =IF(OR($E10="",M$4=""),"",M$4*$E10) -> 8 | ... BA10: =IF(OR($E10="",BA$4=""),"",BA$4*$E10) -> 4
A11: Programas de administración (contabilidad, manejo de personal, etc.) | E11: 2 | F11: =IF(OR($E11="",F$4=""),"",F$4*$E11) -> 6 | G11: =IF(OR($E11="",G$4=""),"",G$4*$E11) -> 2 | H11: =IF(OR($E11="",H$4=""),"",H$4*$E11) -> 4 | I11: =IF(OR($E11="",I$4=""),"",I$4*$E11) -> 8 | J11: =IF(OR($E11="",J$4=""),"",J$4*$E11) -> 8 | K11: =IF(OR($E11="",K$4=""),"",K$4*$E11) -> 8 | L11: =IF(OR($E11="",L$4=""),"",L$4*$E11) -> 2 | M11: =IF(OR($E11="",M$4=""),"",M$4*$E11) -> 8 | ... BA11: =IF(OR($E11="",BA$4=""),"",BA$4*$E11) -> 4
A12: Programas de manejo de proyectos | E12: 2 | F12: =IF(OR($E12="",F$4=""),"",F$4*$E12) -> 6 | G12: =IF(OR($E12="",G$4=""),"",G$4*$E12) -> 2 | H12: =IF(OR($E12="",H$4=""),"",H$4*$E12) -> 4 | I12: =IF(OR($E12="",I$4=""),"",I$4*$E12) -> 8 | J12: =IF(OR($E12="",J$4=""),"",J$4*$E12) -> 8 | K12: =IF(OR($E12="",K$4=""),"",K$4*$E12) -> 8 | L12: =IF(OR($E12="",L$4=""),"",L$4*$E12) -> 2 | M12: =IF(OR($E12="",M$4=""),"",M$4*$E12) -> 8 | ... BA12: =IF(OR($E12="",BA$4=""),"",BA$4*$E12) -> 4
A13: Programas de producción de datos | E13: 2 | F13: =IF(OR($E13="",F$4=""),"",F$4*$E13) -> 6 | G13: =IF(OR($E13="",G$4=""),"",G$4*$E13) -> 2 | H13: =IF(OR($E13="",H$4=""),"",H$4*$E13) -> 4 | I13: =IF(OR($E13="",I$4=""),"",I$4*$E13) -> 8 | J13: =IF(OR($E13="",J$4=""),"",J$4*$E13) -> 8 | K13: =IF(OR($E13="",K$4=""),"",K$4*$E13) -> 8 | L13: =IF(OR($E13="",L$4=""),"",L$4*$E13) -> 2 | M13: =IF(OR($E13="",M$4=""),"",M$4*$E13) -> 8 | ... BA13: =IF(OR($E13="",BA$4=""),"",BA$4*$E13) -> 4
A14: Programas de comunicación (correo electrónico, chat, llamadas telefónicas, etc.) | E14: 2 | F14: =IF(OR($E14="",F$4=""),"",F$4*$E14) -> 6 | G14: =IF(OR($E14="",G$4=""),"",G$4*$E14) -> 2 | H14: =IF(OR($E14="",H$4=""),"",H$4*$E14) -> 4 | I14: =IF(OR($E14="",I$4=""),"",I$4*$E14) -> 8 | J14: =IF(OR($E14="",J$4=""),"",J$4*$E14) -> 8 | K14: =IF(OR($E14="",K$4=""),"",K$4*$E14) -> 8 | L14: =IF(OR($E14="",L$4=""),"",L$4*$E14) -> 2 | M14: =IF(OR($E14="",M$4=""),"",M$4*$E14) -> 8 | ... BA14: =IF(OR($E14="",BA$4=""),"",BA$4*$E14) -> 4
A15: Impresoras | E15: 2 | F15: =IF(OR($E15="",F$4=""),"",F$4*$E15) -> 6 | G15: =IF(OR($E15="",G$4=""),"",G$4*$E15) -> 2 | H15: =IF(OR($E15="",H$4=""),"",H$4*$E15) -> 4 | I15: =IF(OR($E15="",I$4=""),"",I$4*$E15) -> 8 | J15: =IF(OR($E15="",J$4=""),"",J$4*$E15) -> 8 | K15: =IF(OR($E15="",K$4=""),"",K$4*$E15) -> 8 | L15: =IF(OR($E15="",L$4=""),"",L$4*$E15) -> 2 | M15: =IF(OR($E15="",M$4=""),"",M$4*$E15) -> 8 | ... BA15: =IF(OR($E15="",BA$4=""),"",BA$4*$E15) -> 4
A16: Memorias portátiles | E16: 2 | F16: =IF(OR($E16="",F$4=""),"",F$4*$E16) -> 6 | G16: =IF(OR($E16="",G$4=""),"",G$4*$E16) -> 2 | H16: =IF(OR($E16="",H$4=""),"",H$4*$E16) -> 4 | I16: =IF(OR($E16="",I$4=""),"",I$4*$E16) -> 8 | J16: =IF(OR($E16="",J$4=""),"",J$4*$E16) -> 8 | K16: =IF(OR($E16="",K$4=""),"",K$4*$E16) -> 8 | L16: =IF(OR($E16="",L$4=""),"",L$4*$E16) -> 2 | M16: =IF(OR($E16="",M$4=""),"",M$4*$E16) -> 8 | ... BA16: =IF(OR($E16="",BA$4=""),"",BA$4*$E16) -> 4
... A20: Vehículos | E20: 3 | F20: =IF(OR($E20="",F$4=""),"",F$4*$E20) -> 9 | G20: =IF(OR($E20="",G$4=""),"",G$4*$E20) -> 3 | H20: =IF(OR($E20="",H$4=""),"",H$4*$E20) -> 6 | I20: =IF(OR($E20="",I$4=""),"",I$4*$E20) -> 12 | J20: =IF(OR($E20="",J$4=""),"",J$4*$E20) -> 12 | K20: =IF(OR($E20="",K$4=""),"",K$4*$E20) -> 12 | L20: =IF(OR($E20="",L$4=""),"",L$4*$E20) -> 3 | M20: =IF(OR($E20="",M$4=""),"",M$4*$E20) -> 12 | ... BA20: =IF(OR($E20="",BA$4=""),"",BA$4*$E20) -> 6

Sheet 3_Personal
A1: ='1_Datos'!A1 -> Matriz de Análisis de Riesgo | F1: ='1_Datos'!F1 -> Probabilidad de Amenaza [1 = Insignificante, 2 = Baja, 3= Mediana, 4 = Alta]
A2: Personal | B2: ='1_Datos'!B2 -> Clasificación | E2: ='1_Datos'!E2:E4 -> Magnitud de Daño: [1 = Insignificante 2 = Bajo 3 = Mediano 4 = Alto] | F2: ='1_Datos'!F2 -> Actos originados por la criminalidad común y motivación política | S2: ='1_Datos'!S2 -> Sucesos de origen físico | AB2: ='1_Datos'!AB2 -> Sucesos derivados de la impericia, negligencia de usuarios/as y decisiones institucionales
B3: Imagen pública de alto perfil, indispensable para funcionamiento institucional | C3: Perfil medio, experto en su área | D3: Perfil bajo, no indispensable para funcionamiento institucional | F3: ='1_Datos'!F3 -> Allanamiento (ilegal, legal) | G3: ='1_Datos'!G3 -> Persecución (civil, fiscal, penal) | H3: ='1_Datos'!H3 -> Orden de secuestro / Detención | I3: ='1_Datos'!I3 -> Sabotaje (ataque físico y electrónico) | J3: ='1_Datos'!J3 -> Daños por vandalismo | K3: ='1_Datos'!K3 -> Extorsión | L3: ='1_Datos'!L3 -> Fraude / Estafa | M3: ='1_Datos'!M3 -> Robo / Hurto (físico) | ... BA3: ='1_Datos'!BA3 -> Ausencia de documentación
B4: ='1_Datos'!B4 -> 0 | C4: ='1_Datos'!C4 -> 0 | D4: ='1_Datos'!D4 -> 0 | F4: ='1_Datos'!F4 -> 3 | G4: ='1_Datos'!G4 -> 1 | H4: ='1_Datos'!H4 -> 2 | I4: ='1_Datos'!I4 -> 4 | J4: ='1_Datos'!J4 -> 4 | K4: ='1_Datos'!K4 -> 4 | L4: ='1_Datos'!L4 -> 1 | M4: ='1_Datos'!M4 -> 4 | ... BA4: ='1_Datos'!BA4 -> 2
A5: Junta Directiva | E5: 2 | F5: =IF(OR($E5="",F$4=""),"",F$4*$E5) -> 6 | G5: =IF(OR($E5="",G$4=""),"",G$4*$E5) -> 2 | H5: =IF(OR($E5="",H$4=""),"",H$4*$E5) -> 4 | I5: =IF(OR($E5="",I$4=""),"",I$4*$E5) -> 8 | J5: =IF(OR($E5="",J$4=""),"",J$4*$E5) -> 8 | K5: =IF(OR($E5="",K$4=""),"",K$4*$E5) -> 8 | L5: =IF(OR($E5="",L$4=""),"",L$4*$E5) -> 2 | M5: =IF(OR($E5="",M$4=""),"",M$4*$E5) -> 8 | ... BA5: =IF(OR($E5="",BA$4=""),"",BA$4*$E5) -> 4
A6: Dirección / Coordinación | E6: 2 | F6: =IF(OR($E6="",F$4=""),"",F$4*$E6) -> 6 | G6: =IF(OR($E6="",G$4=""),"",G$4*$E6) -> 2 | H6: =IF(OR($E6="",H$4=""),"",H$4*$E6) -> 4 | I6: =IF(OR($E6="",I$4=""),"",I$4*$E6) -> 8 | J6: =IF(OR($E6="",J$4=""),"",J$4*$E6) -> 8 | K6: =IF(OR($E6="",K$4=""),"",K$4*$E6) -> 8 | L6: =IF(OR($E6="",L$4=""),"",L$4*$E6) -> 2 | M6: =IF(OR($E6="",M$4=""),"",M$4*$E6) -> 8 | ... BA6: =IF(OR($E6="",BA$4=""),"",BA$4*$E6) -> 4
A7: Administración | E7: 4 | F7: =IF(OR($E7="",F$4=""),"",F$4*$E7) -> 12 | G7: =IF(OR($E7="",G$4=""),"",G$4*$E7) -> 4 | H7: =IF(OR($E7="",H$4=""),"",H$4*$E7) -> 8 | I7: =IF(OR($E7="",I$4=""),"",I$4*$E7) -> 16 | J7: =IF(OR($E7="",J$4=""),"",J$4*$E7) -> 16 | K7: =IF(OR($E7="",K$4=""),"",K$4*$E7) -> 16 | L7: =IF(OR($E7="",L$4=""),"",L$4*$E7) -> 4 | M7: =IF(OR($E7="",M$4=""),"",M$4*$E7) -> 16 | ... BA7: =IF(OR($E7="",BA$4=""),"",BA$4*$E7) -> 8
A8: Personal técnico | E8: 2 | F8: =IF(OR($E8="",F$4=""),"",F$4*$E8) -> 6 | G8: =IF(OR($E8="",G$4=""),"",G$4*$E8) -> 2 | H8: =IF(OR($E8="",H$4=""),"",H$4*$E8) -> 4 | I8: =IF(OR($E8="",I$4=""),"",I$4*$E8) -> 8 | J8: =IF(OR($E8="",J$4=""),"",J$4*$E8) -> 8 | K8: =IF(OR($E8="",K$4=""),"",K$4*$E8) -> 8 | L8: =IF(OR($E8="",L$4=""),"",L$4*$E8) -> 2 | M8: =IF(OR($E8="",M$4=""),"",M$4*$E8) -> 8 | ... BA8: =IF(OR($E8="",BA$4=""),"",BA$4*$E8) -> 4
A9: Recepción | E9: 2 | F9: =IF(OR($E9="",F$4=""),"",F$4*$E9) -> 6 | G9: =IF(OR($E9="",G$4=""),"",G$4*$E9) -> 2 | H9: =IF(OR($E9="",H$4=""),"",H$4*$E9) -> 4 | I9: =IF(OR($E9="",I$4=""),"",I$4*$E9) -> 8 | J9: =IF(OR($E9="",J$4=""),"",J$4*$E9) -> 8 | K9: =IF(OR($E9="",K$4=""),"",K$4*$E9) -> 8 | L9: =IF(OR($E9="",L$4=""),"",L$4*$E9) -> 2 | M9: =IF(OR($E9="",M$4=""),"",M$4*$E9) -> 8 | ... BA9: =IF(OR($E9="",BA$4=""),"",BA$4*$E9) -> 4
A10: Piloto / conductor | E10: 1 | F10: =IF(OR($E10="",F$4=""),"",F$4*$E10) -> 3 | G10: =IF(OR($E10="",G$4=""),"",G$4*$E10) -> 1 | H10: =IF(OR($E10="",H$4=""),"",H$4*$E10) -> 2 | I10: =IF(OR($E10="",I$4=""),"",I$4*$E10) -> 4 | J10: =IF(OR($E10="",J$4=""),"",J$4*$E10) -> 4 | K10: =IF(OR($E10="",K$4=""),"",K$4*$E10) -> 4 | L10: =IF(OR($E10="",L$4=""),"",L$4*$E10) -> 1 | M10: =IF(OR($E10="",M$4=""),"",M$4*$E10) -> 4 | ... BA10: =IF(OR($E10="",BA$4=""),"",BA$4*$E10) -> 2
A11: Informática / Soporte técnico interno | E11: 2 | F11: =IF(OR($E11="",F$4=""),"",F$4*$E11) -> 6 | G11: =IF(OR($E11="",G$4=""),"",G$4*$E11) -> 2 | H11: =IF(OR($E11="",H$4=""),"",H$4*$E11) -> 4 | I11: =IF(OR($E11="",I$4=""),"",I$4*$E11) -> 8 | J11: =IF(OR($E11="",J$4=""),"",J$4*$E11) -> 8 | K11: =IF(OR($E11="",K$4=""),"",K$4*$E11) -> 8 | L11: =IF(OR($E11="",L$4=""),"",L$4*$E11) -> 2 | M11: =IF(OR($E11="",M$4=""),"",M$4*$E11) -> 8 | ... BA11: =IF(OR($E11="",BA$4=""),"",BA$4*$E11) -> 4
A12: Soporte técnico externo | E12: 1 | F12: =IF(OR($E12="",F$4=""),"",F$4*$E12) -> 3 | G12: =IF(OR($E12="",G$4=""),"",G$4*$E12) -> 1 | H12: =IF(OR($E12="",H$4=""),"",H$4*$E12) -> 2 | I12: =IF(OR($E12="",I$4=""),"",I$4*$E12) -> 4 | J12: =IF(OR($E12="",J$4=""),"",J$4*$E12) -> 4 | K12: =IF(OR($E12="",K$4=""),"",K$4*$E12) -> 4 | L12: =IF(OR($E12="",L$4=""),"",L$4*$E12) -> 1 | M12: =IF(OR($E12="",M$4=""),"",M$4*$E12) -> 4 | ... BA12: =IF(OR($E12="",BA$4=""),"",BA$4*$E12) -> 2
A13: Servicio de limpieza de planta | E13: 2 | F13: =IF(OR($E13="",F$4=""),"",F$4*$E13) -> 6 | G13: =IF(OR($E13="",G$4=""),"",G$4*$E13) -> 2 | H13: =IF(OR($E13="",H$4=""),"",H$4*$E13) -> 4 | I13: =IF(OR($E13="",I$4=""),"",I$4*$E13) -> 8 | J13: =IF(OR($E13="",J$4=""),"",J$4*$E13) -> 8 | K13: =IF(OR($E13="",K$4=""),"",K$4*$E13) -> 8 | L13: =IF(OR($E13="",L$4=""),"",L$4*$E13) -> 2 | M13: =IF(OR($E13="",M$4=""),"",M$4*$E13) -> 8 | ... BA13: =IF(OR($E13="",BA$4=""),"",BA$4*$E13) -> 4
A14: Servicio de limpieza externo | E14: 1 | F14: =IF(OR($E14="",F$4=""),"",F$4*$E14) -> 3 | G14: =IF(OR($E14="",G$4=""),"",G$4*$E14) -> 1 | H14: =IF(OR($E14="",H$4=""),"",H$4*$E14) -> 2 | I14: =IF(OR($E14="",I$4=""),"",I$4*$E14) -> 4 | J14: =IF(OR($E14="",J$4=""),"",J$4*$E14) -> 4 | K14: =IF(OR($E14="",K$4=""),"",K$4*$E14) -> 4 | L14: =IF(OR($E14="",L$4=""),"",L$4*$E14) -> 1 | M14: =IF(OR($E14="",M$4=""),"",M$4*$E14) -> 4 | ... BA14: =IF(OR($E14="",BA$4=""),"",BA$4*$E14) -> 2
A15: Servicio de mensajería de propio | E15: 1 | F15: =IF(OR($E15="",F$4=""),"",F$4*$E15) -> 3 | G15: =IF(OR($E15="",G$4=""),"",G$4*$E15) -> 1 | H15: =IF(OR($E15="",H$4=""),"",H$4*$E15) -> 2 | I15: =IF(OR($E15="",I$4=""),"",I$4*$E15) -> 4 | J15: =IF(OR($E15="",J$4=""),"",J$4*$E15) -> 4 | K15: =IF(OR($E15="",K$4=""),"",K$4*$E15) -> 4 | L15: =IF(OR($E15="",L$4=""),"",L$4*$E15) -> 1 | M15: =IF(OR($E15="",M$4=""),"",M$4*$E15) -> 4 | ... BA15: =IF(OR($E15="",BA$4=""),"",BA$4*$E15) -> 2
A16: Servicio de mensajería de externo | E16: 2 | F16: =IF(OR($E16="",F$4=""),"",F$4*$E16) -> 6 | G16: =IF(OR($E16="",G$4=""),"",G$4*$E16) -> 2 | H16: =IF(OR($E16="",H$4=""),"",H$4*$E16) -> 4 | I16: =IF(OR($E16="",I$4=""),"",I$4*$E16) -> 8 | J16: =IF(OR($E16="",J$4=""),"",J$4*$E16) -> 8 | K16: =IF(OR($E16="",K$4=""),"",K$4*$E16) -> 8 | L16: =IF(OR($E16="",L$4=""),"",L$4*$E16) -> 2 | M16: =IF(OR($E16="",M$4=""),"",M$4*$E16) -> 8 | ... BA16: =IF(OR($E16="",BA$4=""),"",BA$4*$E16) -> 4

Sheet Analisis_Promedio
B1: Análisis de Riesgo promedio
C2: Promedio | D2: =AVERAGEA('1_Datos'!F4:R4) -> 2.7692308 | E2: =AVERAGEA('1_Datos'!S4:AA4) -> 1.8888889 | F2: =AVERAGEA('1_Datos'!AB4:BA4) -> 2.2307692
D3: Probabilidad de Amenaza
A4: Promedio | D4: Criminalidad y Político | E4: ='1_Datos'!S2 -> Sucesos de origen físico | F4: Negligencia y Institucional
A5: =AVERAGEA('1_Datos'!E5:E26) -> 2.3636364 | C5: ='1_Datos'!A2 -> Datos e Información | D5: =AVERAGEA('1_Datos'!F5:R26) -> 6.5454545 | E5: =AVERAGEA('1_Datos'!S5:AA26) -> 4.4646465 | F5: =AVERAGEA('1_Datos'!AB5:BA26) -> 5.2727273
A6: =AVERAGEA('2_Sistemas'!E5:E20) -> 2.4375 | B6: Magnitud de Daño | C6: ='2_Sistemas'!A2 -> Sistemas e Infraestructura | D6: =AVERAGEA('2_Sistemas'!F5:R20) -> 6.75 | E6: =AVERAGEA('2_Sistemas'!S5:AA20) -> 4.6041667 | F6: =AVERAGEA('2_Sistemas'!AB5:BA20) -> 5.4375
A7: =AVERAGEA('3_Personal'!E5:E16) -> 1.8333333 | C7: ='3_Personal'!A2 -> Personal | D7: =AVERAGEA('3_Personal'!F5:R16) -> 5.0769231 | E7: =AVERAGEA('3_Personal'!S5:AA16) -> 3.462963 | F7: =AVERAGEA('3_Personal'!AB5:BA16) -> 4.0897436

Sheet Analisis_Factores
M1: Etiqueta | N1: =Analisis_Promedio!$D$4&" / "&Analisis_Promedio!C5 -> Criminalidad y Político / Datos e Información | O1: =Analisis_Promedio!$D$4&" / "&Analisis_Promedio!C6 -> Criminalidad y Político / Sistemas e Infraestructura | P1: =Analisis_Promedio!$D$4&" / "&Analisis_Promedio!C7 -> Criminalidad y Político / Personal | Q1: =Analisis_Promedio!$E$4&" / "&Analisis_Promedio!C5 -> Sucesos de origen físico / Datos e Información | R1: =Analisis_Promedio!$E$4&" / "&Analisis_Promedio!C6 -> Sucesos de origen físico / Sistemas e Infraestructura | S1: =Analisis_Promedio!$E$4&" / "&Analisis_Promedio!C7 -> Sucesos de origen físico / Personal | T1: =Analisis_Promedio!$F$4&" / "&Analisis_Promedio!C5 -> Negligencia y Institucional / Datos e Información | U1: =Analisis_Promedio!$F$4&" / "&Analisis_Promedio!C6 -> Negligencia y Institucional / Sistemas e Infraestructura | V1: =Analisis_Promedio!$F$4&" / "&Analisis_Promedio!C7 -> Negligencia y Institucional / Personal
M2: X | N2: =AVERAGEA('1_Datos'!F4:R4) -> 2.7692308 | O2: =$N$2 -> 2.7692308 | P2: =$N$2 -> 2.7692308 | Q2: =AVERAGEA('1_Datos'!S4:AA4) -> 1.8888889 | R2: =$Q$2 -> 1.8888889 | S2: =$Q$2 -> 1.8888889 | T2: =AVERAGEA('1_Datos'!AB4:BA4) -> 2.2307692 | U2: =$T$2 -> 2.2307692 | V2: =$T$2 -> 2.2307692
M3: Y | N3: =AVERAGEA('1_Datos'!E5:E26) -> 2.3636364 | O3: =AVERAGEA('2_Sistemas'!E5:E20) -> 2.4375 | P3: =AVERAGEA('3_Personal'!E5:E16) -> 1.8333333 | Q3: =$N$3 -> 2.3636364 | R3: =$O$3 -> 2.4375 | S3: =$P$3 -> 1.8333333 | T3: =$N$3 -> 2.3636364 | U3: =$O$3 -> 2.4375 | V3: =$P$3 -> 1.8333333

Sheet Fuente
A1: Valoración | B1: Escala | C1: Valor_min | D1: Valor_max | F1: Lineas | G1: Umbral Medio Riesgo | H1: Umbral Alto Riesgo
A2: Ninguna | B2: 1 | C2: 1 | D2: 3 | G2: =(D3+C4)/2 -> 7 | H2: =(D4+C5)/2 -> 10.5
A3: Baja | B3: 2 | C3: 4 | D3: 6 | F3: x | G3: y | H3: y
A4: Mediana | B4: 3 | C4: 8 | D4: 9 | F4: 1 | G4: =G$2/$F4 -> 7 | H4: =H$2/$F4 -> 10.5
A5: Alta | B5: 4 | C5: 12 | D5: 16 | F5: 1.1 | G5: =G$2/$F5 -> 6.3636364 | H5: =H$2/$F5 -> 9.5454545
F6: 1.2 | G6: =G$2/$F6 -> 5.8333333 | H6: =H$2/$F6 -> 8.75
F7: 1.3 | G7: =G$2/$F7 -> 5.3846154 | H7: =H$2/$F7 -> 8.0769231
F8: 1.4 | G8: =G$2/$F8 -> 5 | H8: =H$2/$F8 -> 7.5
F9: 1.5 | G9: =G$2/$F9 -> 4.6666667 | H9: =H$2/$F9 -> 7
F10: 1.6 | G10: =G$2/$F10 -> 4.375 | H10: =H$2/$F10 -> 6.5625
F11: 1.75 | G11: =G$2/$F11 -> 4 | H11: =H$2/$F11 -> 6
F12: 1.8 | G12: =G$2/$F12 -> 3.8888889 | H12: =H$2/$F12 -> 5.8333333
F13: 1.9 | G13: =G$2/$F13 -> 3.6842105 | H13: =H$2/$F13 -> 5.5263158
F14: 2 | G14: =G$2/$F14 -> 3.5 | H14: =H$2/$F14 -> 5.25
F15: 2.1 | G15: =G$2/$F15 -> 3.3333333 | H15: =H$2/$F15 -> 5
F16: 2.2 | G16: =G$2/$F16 -> 3.1818182 | H16: =H$2/$F16 -> 4.7727273
F17: 2.3 | G17: =G$2/$F17 -> 3.0434783 | H17: =H$2/$F17 -> 4.5652174
... F34: 4 | G34: =G$2/$F34 -> 1.75 | H34: =H$2/$F34 -> 2.625
